{
    "genome_size": 3117292070,
    "motif_density": 17745.228794041104,
    "avg_motif_density": 20774.78785899021,
    "std_motif_density": 10840.65832447549
}