{
    "1": 0.9158674394371122,
    "2": 0.9270687507261165,
    "3": 0.9011215331503848,
    "4": 0.9216989141368671,
    "5": 0.9232609730051013,
    "6": 0.9268908874190899,
    "7": 0.9115105633111309,
    "8": 0.9141584942900229,
    "9": 0.8884944203552625,
    "10": 0.8978295513318315,
    "11": 0.9101699836399861,
    "12": 0.9128037431092245,
    "13": 0.9088574635895551,
    "14": 0.8936547811241397,
    "15": 0.8431797660996295
}